{
    "channel_name": "Amazing Animal Facts AI",
    "video_settings": {
        "resolution": "1080p",
        "fps": 30,
        "long_video_duration_min": 180,
        "long_video_duration_max": 360,
        "shorts_duration": 59
    },
    "languages": [
        "en",
        "es",
        "fr",
        "de",
        "hi"
    ],
    "playlists": [
        "Predators",
        "Birds",
        "Aquatic Animals",
        "Insects",
        "Cute Animals",
        "Exotic/Weird Animals",
        "Reptiles",
        "Trending Today",
        "Viral Picks"
    ]
}